Sample Point,pH,EC µS/cm,NTU,Ca mg/l,NH4 mg/l,NO3 mg/l,Cl mg/l,K mg/l,FC (cfu/100ml),Mg,Na,HCO3,SO4,TDS,CO3,Season,Use
uniCafe,6.76,48.33,19.83,0.17,1.1,0.17,0.3,1.4,7,27.97,3,7.674,26.36666667,24.16666667,0,Dry,Irrigation
uniCafe,7.3,40,19.93,3.6,0.37,0.23,2.07,1,23.33,20.13,4,55.9895604,13.8,20,0,Wet,Irrigation
hospital,7.69,39.67,36.77,0.77,1,0.2,1.77,1,83.67,17.63,5,53.9245604,12.2,19.83333333,0,Wet,Irrigation
hospital,6.98,46.33,19.77,0.13,1.23,0.2,0.43,1.13,2,10.6,4.67,4.623,53.66666667,23.16666667,0,Dry,Irrigation
UniHouse,7.26,43.33,23.47,1.33,1,0.2,1.8,1,78,14.3,4.33,50.9895604,10.8,21.66666667,0,Wet,Irrigation
UniHouse,6.94,40.4,12.4,0.37,1.2,0.2,0.23,1.13,8.33,15.67,2.33,9.683666667,42.3,20.2,0,Dry,Irrigation
